{
  "solver": "rhoCentralFoam",
  "mesh_file": "/local/disk1/fvalverde/openfoam-data/sphereCases/rocketMesh/rocketShort/noFinSupport/4.5M_13L/constant/polyMesh",
  "map_file": "/local/disk1/fvalverde/openfoam-data/sphereCases/run/rhoCentralFoamMa2.3_AoA8_R0",
  "flowVelocity": [
    672.5994046257726,
    0,
    94.52768174643761
  ],
  "vanLeer": 400,
  "minIter": 1300,
  "final_Co": 0.32,
  "nprocessors": [
    4,
    2,
    2
  ],
  "pressure": 12866.914,
  "temperature": 216.99716,
  "density": 0.20630362,
  "Aref": 0.001282603306,
  "lRef": 1.04013,
  "CofR": [
    0.7286625,
    0,
    0
  ],
  "liftDir": [
    0,
    0,
    1
  ],
  "dragDir": [
    1,
    0,
    0
  ],
  "pitchAxis": [
    0,
    1,
    0
  ],
  "Cd_windTunnel": 0.3390629117423014,
  "Cl_windTunnel": 0.6389487992794879,
  "CmPitch_windTunnel": 3.5773068737801776
}